	Xm	Ym	Species	Light	Where	Photo	Lab.acclimation
1	30.335	0.547	E. cyaneus	Y	R	P6163060	short
2	17.163	0.775	E. cyaneus	Y	R	P6163060	short
3	3.517	1.069	E. cyaneus	Y	R	P6163060	short
4	6.308	1.134	E. cyaneus	Y	R	P6163060	short
5	23.806	1.755	E. cyaneus	Y	R	P6163060	short
6	33.909	2.799	E. cyaneus	Y	R	P6163060	short
7	5.558	3.011	E. cyaneus	Y	R	P6163060	short
8	32.326	3.648	E. cyaneus	Y	R	P6163060	short
9	38.757	4.578	E. cyaneus	Y	R	P6163060	short
10	4.578	4.774	E. cyaneus	Y	R	P6163060	short
11	3.713	5.443	E. cyaneus	Y	R	P6163060	short
12	4.17	5.884	E. cyaneus	Y	R	P6163060	short
13	10.65	6.015	E. cyaneus	Y	R	P6163060	short
14	13.915	6.341	E. cyaneus	Y	R	P6163060	short
15	6.537	6.39	E. cyaneus	Y	R	P6163060	short
16	7.826	6.896	E. cyaneus	Y	R	P6163060	short
17	14.91	7.353	E. cyaneus	Y	R	P6163060	short
18	17.244	7.549	E. cyaneus	Y	R	P6163060	short
19	13.67	7.859	E. cyaneus	Y	R	P6163060	short
20	7.696	7.99	E. cyaneus	Y	R	P6163060	short
1	16.085	0.726	E. cyaneus	B	R	P6163061	short
2	35.166	0.792	E. cyaneus	B	R	P6163061	short
3	5.656	1.689	E. cyaneus	B	R	P6163061	short
4	0.661	1.983	E. cyaneus	B	R	P6163061	short
5	4.317	2.554	E. cyaneus	B	R	P6163061	short
6	4.578	3.599	E. cyaneus	B	R	P6163061	short
7	57.184	3.795	E. cyaneus	B	R	P6163061	short
8	5.803	4.023	E. cyaneus	B	R	P6163061	short
9	57.56	4.138	E. cyaneus	B	R	P6163061	short
10	12.152	5.052	E. cyaneus	B	R	P6163061	short
11	6.439	5.15	E. cyaneus	B	R	P6163061	short
12	51.945	5.362	E. cyaneus	B	R	P6163061	short
13	9.948	5.884	E. cyaneus	B	R	P6163061	short
14	2.75	6.243	E. cyaneus	B	R	P6163061	short
15	3.779	6.912	E. cyaneus	B	R	P6163061	short
16	6.831	7.451	E. cyaneus	B	R	P6163061	short
17	16.918	7.565	E. cyaneus	B	R	P6163061	short
18	4.236	7.761	E. cyaneus	B	R	P6163061	short
19	36.766	7.81	E. cyaneus	B	R	P6163061	short
20	6.096	8.088	E. cyaneus	B	R	P6163061	short
1	8.392	0.336	E. cyaneus	R	R	P6163063	short
2	47.35	0.418	E. cyaneus	R	R	P6163063	short
3	6.575	1.138	E. cyaneus	R	R	P6163063	short
5	4.43	2.203	E. cyaneus	R	R	P6163063	short
6	18.218	2.203	E. cyaneus	R	R	P6163063	short
7	22.197	2.972	E. cyaneus	R	R	P6163063	short
8	5.314	3.644	E. cyaneus	R	R	P6163063	short
9	30.172	4.118	E. cyaneus	R	R	P6163063	short
10	43.96	4.544	E. cyaneus	R	R	P6163063	short
11	6.264	5.674	E. cyaneus	R	R	P6163063	short
12	2.366	5.985	E. cyaneus	R	R	P6163063	short
13	21.902	6.182	E. cyaneus	R	R	P6163063	short
14	20.003	6.706	E. cyaneus	R	R	P6163063	short
15	51.116	7.082	E. cyaneus	R	R	P6163063	short
16	19.97	7.59	E. cyaneus	R	R	P6163063	short
17	51.133	7.999	E. cyaneus	R	R	P6163063	short
18	8.835	8.13	E. cyaneus	R	R	P6163063	short
19	19.904	8.245	E. cyaneus	R	R	P6163063	short
20	47.612	8.278	E. cyaneus	R	R	P6163063	short
21	36.984	8.36	E. cyaneus	R	R	P6163063	short
1	4.299	0.68	E. cyaneus	G	R	P6163064	short
2	5.183	0.712	E. cyaneus	G	R	P6163064	short
3	8.835	0.892	E. cyaneus	G	R	P6163064	short
4	9.375	0.909	E. cyaneus	G	R	P6163064	short
5	5.314	1.138	E. cyaneus	G	R	P6163064	short
6	3.07	2.104	E. cyaneus	G	R	P6163064	short
7	5.085	2.645	E. cyaneus	G	R	P6163064	short
8	56.684	3.201	E. cyaneus	G	R	P6163064	short
9	5.052	3.332	E. cyaneus	G	R	P6163064	short
10	2.939	5.216	E. cyaneus	G	R	P6163064	short
11	22.001	5.822	E. cyaneus	G	R	P6163064	short
12	6.82	6.133	E. cyaneus	G	R	P6163064	short
13	8.605	6.395	E. cyaneus	G	R	P6163064	short
14	3.382	6.624	E. cyaneus	G	R	P6163064	short
15	10.636	7.361	E. cyaneus	G	R	P6163064	short
16	15.827	7.656	E. cyaneus	G	R	P6163064	short
17	6.296	7.737	E. cyaneus	G	R	P6163064	short
18	51.853	7.77	E. cyaneus	G	R	P6163064	short
19	9.178	7.95	E. cyaneus	G	R	P6163064	short
20	23.867	8.081	E. cyaneus	G	R	P6163064	short
1	18.325	0.449	E. cyaneus	K	K	P6163065	short
2	17.034	0.956	E. cyaneus	K	K	P6163065	short
3	55.433	1.446	E. cyaneus	K	K	P6163065	short
4	13.766	1.56	E. cyaneus	K	K	P6163065	short
5	4.028	1.691	E. cyaneus	K	K	P6163065	short
6	29.371	1.92	E. cyaneus	K	K	P6163065	short
7	5.09	2.77	E. cyaneus	K	K	P6163065	short
8	56.577	3.276	E. cyaneus	K	K	P6163065	short
9	4.109	3.292	E. cyaneus	K	K	P6163065	short
10	6.479	3.864	E. cyaneus	K	K	P6163065	short
11	49.681	4.436	E. cyaneus	K	K	P6163065	short
12	54.502	4.567	E. cyaneus	K	K	P6163065	short
13	6.724	4.91	E. cyaneus	K	K	P6163065	short
14	56.07	4.926	E. cyaneus	K	K	P6163065	short
15	31.462	4.943	E. cyaneus	K	K	P6163065	short
16	49.698	5.204	E. cyaneus	K	K	P6163065	short
17	48.423	5.596	E. cyaneus	K	K	P6163065	short
18	35.449	6.871	E. cyaneus	K	K	P6163065	short
19	30.466	7.41	E. cyaneus	K	K	P6163065	short
20	18.292	7.966	E. cyaneus	K	K	P6163065	short
1	55.863	0.824	E. cyaneus	G	L	P6163066	short
2	2.994	0.906	E. cyaneus	G	L	P6163066	short
3	40.525	1.575	E. cyaneus	G	L	P6163066	short
4	6.16	1.803	E. cyaneus	G	L	P6163066	short
5	58.034	1.95	E. cyaneus	G	L	P6163066	short
6	53.171	1.999	E. cyaneus	G	L	P6163066	short
7	55.619	2.391	E. cyaneus	G	L	P6163066	short
8	48.308	2.978	E. cyaneus	G	L	P6163066	short
9	56.924	3.353	E. cyaneus	G	L	P6163066	short
10	51.735	3.81	E. cyaneus	G	L	P6163066	short
11	55.798	3.875	E. cyaneus	G	L	P6163066	short
12	55.863	4.528	E. cyaneus	G	L	P6163066	short
13	56.5	5.475	E. cyaneus	G	L	P6163066	short
14	56.337	5.915	E. cyaneus	G	L	P6163066	short
15	49.761	6.225	E. cyaneus	G	L	P6163066	short
16	55.178	6.29	E. cyaneus	G	L	P6163066	short
17	56.777	6.617	E. cyaneus	G	L	P6163066	short
18	52.061	7.465	E. cyaneus	G	L	P6163066	short
19	42.875	7.775	E. cyaneus	G	L	P6163066	short
20	14.286	7.955	E. cyaneus	G	L	P6163066	short
1	54.52	1.181	E. cyaneus	Y	L	P6163067	short
2	47.239	1.246	E. cyaneus	Y	L	P6163067	short
3	47.386	1.832	E. cyaneus	Y	L	P6163067	short
4	50.985	2.174	E. cyaneus	Y	L	P6163067	short
5	55.301	2.207	E. cyaneus	Y	L	P6163067	short
6	57.956	2.712	E. cyaneus	Y	L	P6163067	short
7	55.643	3.331	E. cyaneus	Y	L	P6163067	short
8	45.35	3.575	E. cyaneus	Y	L	P6163067	short
9	7.858	3.689	E. cyaneus	Y	L	P6163067	short
10	57.272	3.705	E. cyaneus	Y	L	P6163067	short
11	51.36	3.738	E. cyaneus	Y	L	P6163067	short
12	51.49	4.064	E. cyaneus	Y	L	P6163067	short
13	55.822	4.178	E. cyaneus	Y	L	P6163067	short
14	45.562	4.406	E. cyaneus	Y	L	P6163067	short
17	53.249	5.171	E. cyaneus	Y	L	P6163067	short
18	54.536	5.187	E. cyaneus	Y	L	P6163067	short
19	54.015	6.213	E. cyaneus	Y	L	P6163067	short
20	43.982	6.474	E. cyaneus	Y	L	P6163067	short
21	38.086	6.946	E. cyaneus	Y	L	P6163067	short
22	5.676	8.217	E. cyaneus	Y	L	P6163067	short
1	50.274	0.53	E. cyaneus	B	L	P6163068	short
2	45.758	0.628	E. cyaneus	B	L	P6163068	short
3	53.389	0.66	E. cyaneus	B	L	P6163068	short
4	50.062	0.84	E. cyaneus	B	L	P6163068	short
5	54.791	2.454	E. cyaneus	B	L	P6163068	short
6	53.242	2.584	E. cyaneus	B	L	P6163068	short
7	56.03	2.78	E. cyaneus	B	L	P6163068	short
8	35.633	2.976	E. cyaneus	B	L	P6163068	short
9	53.389	3.122	E. cyaneus	B	L	P6163068	short
10	52.166	3.285	E. cyaneus	B	L	P6163068	short
11	54.106	3.334	E. cyaneus	B	L	P6163068	short
12	57.253	3.611	E. cyaneus	B	L	P6163068	short
13	54.008	4.133	E. cyaneus	B	L	P6163068	short
14	54.155	4.573	E. cyaneus	B	L	P6163068	short
15	54.693	4.736	E. cyaneus	B	L	P6163068	short
16	53.633	5.095	E. cyaneus	B	L	P6163068	short
17	55.41	5.274	E. cyaneus	B	L	P6163068	short
18	5.519	5.649	E. cyaneus	B	L	P6163068	short
19	46.753	7.361	E. cyaneus	B	L	P6163068	short
20	54.905	7.508	E. cyaneus	B	L	P6163068	short
1	49.688	0.367	E. cyaneus	R	L	P6163069	short
2	48.938	0.399	E. cyaneus	R	L	P6163069	short
3	54.97	1.41	E. cyaneus	R	L	P6163069	short
4	27.139	1.459	E. cyaneus	R	L	P6163069	short
5	24.986	2.193	E. cyaneus	R	L	P6163069	short
6	55.492	2.519	E. cyaneus	R	L	P6163069	short
7	56.845	2.568	E. cyaneus	R	L	P6163069	short
8	8.812	2.91	E. cyaneus	R	L	P6163069	short
9	53.356	3.302	E. cyaneus	R	L	P6163069	short
10	53.976	3.66	E. cyaneus	R	L	P6163069	short
11	13.736	3.758	E. cyaneus	R	L	P6163069	short
12	57.253	3.823	E. cyaneus	R	L	P6163069	short
13	52.182	4.28	E. cyaneus	R	L	P6163069	short
14	30.595	4.834	E. cyaneus	R	L	P6163069	short
15	52.052	5.927	E. cyaneus	R	L	P6163069	short
16	37.997	6.139	E. cyaneus	R	L	P6163069	short
17	55.019	6.318	E. cyaneus	R	L	P6163069	short
18	52.867	6.334	E. cyaneus	R	L	P6163069	short
19	28.476	6.986	E. cyaneus	R	L	P6163069	short
20	52.72	8.226	E. cyaneus	R	L	P6163069	short
1	25.681	0.919	E. cyaneus	R	R	P6163070	short
2	17.156	1.342	E. cyaneus	R	R	P6163070	short
3	6.874	1.456	E. cyaneus	R	R	P6163070	short
4	5.898	1.537	E. cyaneus	R	R	P6163070	short
5	7.752	1.781	E. cyaneus	R	R	P6163070	short
6	5.377	1.879	E. cyaneus	R	R	P6163070	short
7	6.809	2.823	E. cyaneus	R	R	P6163070	short
8	56.657	3.799	E. cyaneus	R	R	P6163070	short
9	7.72	4.075	E. cyaneus	R	R	P6163070	short
10	17.546	4.336	E. cyaneus	R	R	P6163070	short
11	10.632	4.629	E. cyaneus	R	R	P6163070	short
12	6.06	4.742	E. cyaneus	R	R	P6163070	short
13	6.255	5.068	E. cyaneus	R	R	P6163070	short
14	10.42	5.279	E. cyaneus	R	R	P6163070	short
15	7.297	5.475	E. cyaneus	R	R	P6163070	short
16	20.735	5.67	E. cyaneus	R	R	P6163070	short
17	6.255	6.076	E. cyaneus	R	R	P6163070	short
18	3.392	6.857	E. cyaneus	R	R	P6163070	short
19	51.125	6.922	E. cyaneus	R	R	P6163070	short
20	8.11	8.419	E. cyaneus	R	R	P6163070	short
1	30.515	0.564	E. cyaneus	Y	R	P6163071	short
2	5.619	0.695	E. cyaneus	Y	R	P6163071	short
3	7.991	1.055	E. cyaneus	Y	R	P6163071	short
4	9.201	2.004	E. cyaneus	Y	R	P6163071	short
5	7.844	2.969	E. cyaneus	Y	R	P6163071	short
6	6.977	3.018	E. cyaneus	Y	R	P6163071	short
7	56.769	3.443	E. cyaneus	Y	R	P6163071	short
8	10.919	3.509	E. cyaneus	Y	R	P6163071	short
9	26.344	3.558	E. cyaneus	Y	R	P6163071	short
10	6.846	3.738	E. cyaneus	Y	R	P6163071	short
11	6.388	4.228	E. cyaneus	Y	R	P6163071	short
12	5.504	4.572	E. cyaneus	Y	R	P6163071	short
13	5.521	5.014	E. cyaneus	Y	R	P6163071	short
14	6.24	5.472	E. cyaneus	Y	R	P6163071	short
15	4.392	5.619	E. cyaneus	Y	R	P6163071	short
16	54.806	5.864	E. cyaneus	Y	R	P6163071	short
17	5.144	6.486	E. cyaneus	Y	R	P6163071	short
18	43.781	6.551	E. cyaneus	Y	R	P6163071	short
19	8.563	7.647	E. cyaneus	Y	R	P6163071	short
20	5.308	7.729	E. cyaneus	Y	R	P6163071	short
1	8.47	0.367	E. cyaneus	G	R	P6163072	short
2	10.361	0.514	E. cyaneus	G	R	P6163072	short
3	5.764	0.644	E. cyaneus	G	R	P6163072	short
4	7.932	2.046	E. cyaneus	G	R	P6163072	short
5	6.872	2.095	E. cyaneus	G	R	P6163072	short
6	52.867	4.101	E. cyaneus	G	R	P6163072	short
7	21.856	4.378	E. cyaneus	G	R	P6163072	short
8	38.764	4.378	E. cyaneus	G	R	P6163072	short
9	25.345	4.541	E. cyaneus	G	R	P6163072	short
10	5.601	4.639	E. cyaneus	G	R	P6163072	short
11	3.921	4.785	E. cyaneus	G	R	P6163072	short
12	6.171	4.818	E. cyaneus	G	R	P6163072	short
13	5.829	5.046	E. cyaneus	G	R	P6163072	short
14	21.742	5.34	E. cyaneus	G	R	P6163072	short
15	6.318	5.633	E. cyaneus	G	R	P6163072	short
16	4.899	6.595	E. cyaneus	G	R	P6163072	short
17	9.611	6.774	E. cyaneus	G	R	P6163072	short
18	2.976	6.872	E. cyaneus	G	R	P6163072	short
19	41.128	7.035	E. cyaneus	G	R	P6163072	short
20	43.834	7.264	E. cyaneus	G	R	P6163072	short
1	13.151	0.497	E. cyaneus	B	R	P6163073	short
2	19.145	0.741	E. cyaneus	B	R	P6163073	short
3	2.907	0.757	E. cyaneus	B	R	P6163073	short
4	4.373	2.239	E. cyaneus	B	R	P6163073	short
5	3.917	2.712	E. cyaneus	B	R	P6163073	short
6	28.803	2.809	E. cyaneus	B	R	P6163073	short
7	10.513	3.591	E. cyaneus	B	R	P6163073	short
8	6.116	4.112	E. cyaneus	B	R	P6163073	short
9	6.914	4.471	E. cyaneus	B	R	P6163073	short
10	5.676	4.601	E. cyaneus	B	R	P6163073	short
11	6.311	6.164	E. cyaneus	B	R	P6163073	short
12	6.653	6.164	E. cyaneus	B	R	P6163073	short
13	7.337	6.458	E. cyaneus	B	R	P6163073	short
14	3.005	6.49	E. cyaneus	B	R	P6163073	short
15	3.607	6.49	E. cyaneus	B	R	P6163073	short
16	6.979	6.621	E. cyaneus	B	R	P6163073	short
17	18.477	7.272	E. cyaneus	B	R	P6163073	short
18	4.764	7.809	E. cyaneus	B	R	P6163073	short
19	56.132	7.875	E. cyaneus	B	R	P6163073	short
20	12.533	8.314	E. cyaneus	B	R	P6163073	short
1	18.721	1.148	E. cyaneus	K	K	P6163074	short
2	55.269	1.507	E. cyaneus	K	K	P6163074	short
3	24.715	1.572	E. cyaneus	K	K	P6163074	short
4	56.23	2.239	E. cyaneus	K	K	P6163074	short
5	52.109	2.695	E. cyaneus	K	K	P6163074	short
6	47.533	2.907	E. cyaneus	K	K	P6163074	short
7	42.809	2.972	E. cyaneus	K	K	P6163074	short
8	56.523	3.347	E. cyaneus	K	K	P6163074	short
9	7.256	3.493	E. cyaneus	K	K	P6163074	short
10	6.897	3.933	E. cyaneus	K	K	P6163074	short
11	7.305	4.259	E. cyaneus	K	K	P6163074	short
12	4.829	4.992	E. cyaneus	K	K	P6163074	short
13	20.79	5.09	E. cyaneus	K	K	P6163074	short
14	6.458	5.252	E. cyaneus	K	K	P6163074	short
15	28.363	5.741	E. cyaneus	K	K	P6163074	short
16	12.158	6.539	E. cyaneus	K	K	P6163074	short
17	7.419	6.572	E. cyaneus	K	K	P6163074	short
18	46.718	7.337	E. cyaneus	K	K	P6163074	short
19	30.92	7.679	E. cyaneus	K	K	P6163074	short
20	7.011	8.005	E. cyaneus	K	K	P6163074	short
1	10.378	0.318	E. cyaneus	R	L	P6163075	short
2	48.53	0.53	E. cyaneus	R	L	P6163075	short
3	31.899	0.579	E. cyaneus	R	L	P6163075	short
4	56.438	1.443	E. cyaneus	R	L	P6163075	short
5	51.66	1.802	E. cyaneus	R	L	P6163075	short
6	53.062	2.03	E. cyaneus	R	L	P6163075	short
7	57.481	2.079	E. cyaneus	R	L	P6163075	short
8	40.476	2.226	E. cyaneus	R	L	P6163075	short
9	56.649	3.497	E. cyaneus	R	L	P6163075	short
10	21.008	3.693	E. cyaneus	R	L	P6163075	short
11	14.177	3.889	E. cyaneus	R	L	P6163075	short
12	56.372	4.117	E. cyaneus	R	L	P6163075	short
13	53.78	4.149	E. cyaneus	R	L	P6163075	short
14	4.753	5.584	E. cyaneus	R	L	P6163075	short
15	10.948	5.845	E. cyaneus	R	L	P6163075	short
16	52.932	7.508	E. cyaneus	R	L	P6163075	short
17	13.688	7.606	E. cyaneus	R	L	P6163075	short
18	42.465	7.671	E. cyaneus	R	L	P6163075	short
19	53.421	8.177	E. cyaneus	R	L	P6163075	short
20	18.726	8.258	E. cyaneus	R	L	P6163075	short
1	39.834	0.253	E. cyaneus	Y	L	P6163076	short
2	53.648	0.465	E. cyaneus	Y	L	P6163076	short
3	22.433	0.709	E. cyaneus	Y	L	P6163076	short
4	56.42	0.807	E. cyaneus	Y	L	P6163076	short
5	52.522	0.987	E. cyaneus	Y	L	P6163076	short
6	56.208	1.101	E. cyaneus	Y	L	P6163076	short
7	16.105	1.427	E. cyaneus	Y	L	P6163076	short
8	52.001	1.786	E. cyaneus	Y	L	P6163076	short
9	13.512	2.503	E. cyaneus	Y	L	P6163076	short
10	55.996	2.569	E. cyaneus	Y	L	P6163076	short
11	56.567	2.683	E. cyaneus	Y	L	P6163076	short
12	57.546	3.531	E. cyaneus	Y	L	P6163076	short
13	47.124	5.618	E. cyaneus	Y	L	P6163076	short
14	53.762	5.651	E. cyaneus	Y	L	P6163076	short
15	56.975	6.01	E. cyaneus	Y	L	P6163076	short
16	50.468	6.14	E. cyaneus	Y	L	P6163076	short
17	41.644	6.434	E. cyaneus	Y	L	P6163076	short
18	24.912	6.613	E. cyaneus	Y	L	P6163076	short
19	23.411	7.461	E. cyaneus	Y	L	P6163076	short
20	4.966	7.755	E. cyaneus	Y	L	P6163076	short
1	20.166	0.465	E. cyaneus	G	L	P6163077	short
2	53.137	0.792	E. cyaneus	G	L	P6163077	short
3	30.122	1.004	E. cyaneus	G	L	P6163077	short
4	54.475	1.167	E. cyaneus	G	L	P6163077	short
5	55.634	1.902	E. cyaneus	G	L	P6163077	short
6	57.592	2.31	E. cyaneus	G	L	P6163077	short
7	53.936	2.93	E. cyaneus	G	L	P6163077	short
8	54.263	3.011	E. cyaneus	G	L	P6163077	short
9	55.634	3.224	E. cyaneus	G	L	P6163077	short
10	54.671	4.138	E. cyaneus	G	L	P6163077	short
11	54.736	4.497	E. cyaneus	G	L	P6163077	short
12	54.165	4.644	E. cyaneus	G	L	P6163077	short
13	52.435	5.803	E. cyaneus	G	L	P6163077	short
14	57.054	5.949	E. cyaneus	G	L	P6163077	short
15	57.397	6.178	E. cyaneus	G	L	P6163077	short
16	56.923	6.782	E. cyaneus	G	L	P6163077	short
17	38.773	7.353	E. cyaneus	G	L	P6163077	short
18	53.643	7.631	E. cyaneus	G	L	P6163077	short
19	31.575	7.843	E. cyaneus	G	L	P6163077	short
20	55.144	8.186	E. cyaneus	G	L	P6163077	short
1	51.574	0.983	E. cyaneus	B	L	P6163078	short
2	54.84	1.016	E. cyaneus	B	L	P6163078	short
3	52.679	1.194	E. cyaneus	B	L	P6163078	short
4	51.606	1.341	E. cyaneus	B	L	P6163078	short
5	56.335	1.503	E. cyaneus	B	L	P6163078	short
6	44.781	2.072	E. cyaneus	B	L	P6163078	short
7	8.849	2.901	E. cyaneus	B	L	P6163078	short
8	53.816	3.242	E. cyaneus	B	L	P6163078	short
9	57.798	3.583	E. cyaneus	B	L	P6163078	short
10	33.226	3.778	E. cyaneus	B	L	P6163078	short
11	53.67	3.941	E. cyaneus	B	L	P6163078	short
12	20.29	4.64	E. cyaneus	B	L	P6163078	short
13	54.141	5.014	E. cyaneus	B	L	P6163078	short
14	55.572	5.29	E. cyaneus	B	L	P6163078	short
15	55.181	5.875	E. cyaneus	B	L	P6163078	short
16	56.872	6.574	E. cyaneus	B	L	P6163078	short
17	56.79	6.947	E. cyaneus	B	L	P6163078	short
18	53.118	7.874	E. cyaneus	B	L	P6163078	short
19	39.174	7.939	E. cyaneus	B	L	P6163078	short
20	43.107	7.955	E. cyaneus	B	L	P6163078	short
1	5.812	0.889	E. cyaneus	B	R	P6163079	short
2	4.851	1.182	E. cyaneus	B	R	P6163079	short
3	5.649	1.541	E. cyaneus	B	R	P6163079	short
4	4.476	2.323	E. cyaneus	B	R	P6163079	short
5	6.236	3.432	E. cyaneus	B	R	P6163079	short
6	39.465	4.443	E. cyaneus	B	R	P6163079	short
7	4.639	4.557	E. cyaneus	B	R	P6163079	short
8	8.617	5.258	E. cyaneus	B	R	P6163079	short
9	5.78	5.666	E. cyaneus	B	R	P6163079	short
10	57.807	5.861	E. cyaneus	B	R	P6163079	short
11	7.215	5.91	E. cyaneus	B	R	P6163079	short
12	6.628	5.943	E. cyaneus	B	R	P6163079	short
13	5.812	6.008	E. cyaneus	B	R	P6163079	short
14	4.443	6.399	E. cyaneus	B	R	P6163079	short
15	4.965	6.481	E. cyaneus	B	R	P6163079	short
16	4.541	7.606	E. cyaneus	B	R	P6163079	short
17	16.133	7.704	E. cyaneus	B	R	P6163079	short
18	8.78	7.736	E. cyaneus	B	R	P6163079	short
19	16.916	7.932	E. cyaneus	B	R	P6163079	short
20	30.269	8.03	E. cyaneus	B	R	P6163079	short
1	32.728	0.415	E. cyaneus	G	R	P6163080	short
2	5.578	0.822	E. cyaneus	G	R	P6163080	short
3	2.972	0.871	E. cyaneus	G	R	P6163080	short
4	6.327	1.148	E. cyaneus	G	R	P6163080	short
5	14.471	1.213	E. cyaneus	G	R	P6163080	short
6	5.057	1.393	E. cyaneus	G	R	P6163080	short
7	6.588	2.093	E. cyaneus	G	R	P6163080	short
8	3.787	2.191	E. cyaneus	G	R	P6163080	short
9	2.94	3.103	E. cyaneus	G	R	P6163080	short
10	12.728	4.047	E. cyaneus	G	R	P6163080	short
11	5.008	4.438	E. cyaneus	G	R	P6163080	short
12	4.096	4.927	E. cyaneus	G	R	P6163080	short
13	4.601	5.936	E. cyaneus	G	R	P6163080	short
14	16.865	7.158	E. cyaneus	G	R	P6163080	short
15	6.018	7.191	E. cyaneus	G	R	P6163080	short
16	4.715	7.419	E. cyaneus	G	R	P6163080	short
17	30.464	7.728	E. cyaneus	G	R	P6163080	short
18	4.08	7.956	E. cyaneus	G	R	P6163080	short
19	5.35	7.989	E. cyaneus	G	R	P6163080	short
20	5.48	8.412	E. cyaneus	G	R	P6163080	short
1	14.069	0.514	E. cyaneus	Y	R	P6163081	short
2	3.813	0.759	E. cyaneus	Y	R	P6163081	short
3	4.548	1.217	E. cyaneus	Y	R	P6163081	short
4	18.348	1.968	E. cyaneus	Y	R	P6163081	short
5	6.296	2.752	E. cyaneus	Y	R	P6163081	short
6	49.426	2.899	E. cyaneus	Y	R	P6163081	short
7	6.9	2.948	E. cyaneus	Y	R	P6163081	short
8	8.533	3.503	E. cyaneus	Y	R	P6163081	short
9	12.779	4.303	E. cyaneus	Y	R	P6163081	short
10	13.465	5.218	E. cyaneus	Y	R	P6163081	short
11	37.03	5.463	E. cyaneus	Y	R	P6163081	short
12	54.766	6.345	E. cyaneus	Y	R	P6163081	short
13	8.059	6.492	E. cyaneus	Y	R	P6163081	short
14	7.7	6.769	E. cyaneus	Y	R	P6163081	short
15	2.948	7.177	E. cyaneus	Y	R	P6163081	short
16	35.985	7.194	E. cyaneus	Y	R	P6163081	short
17	9.954	7.226	E. cyaneus	Y	R	P6163081	short
18	47.858	7.324	E. cyaneus	Y	R	P6163081	short
19	36.59	7.455	E. cyaneus	Y	R	P6163081	short
20	21.402	7.667	E. cyaneus	Y	R	P6163081	short
1	31.474	0.448	E. cyaneus	R	R	P6163082	short
2	7.467	0.497	E. cyaneus	R	R	P6163082	short
3	47.305	1.816	E. cyaneus	R	R	P6163082	short
4	7.288	2.256	E. cyaneus	R	R	P6163082	short
5	8.445	2.614	E. cyaneus	R	R	P6163082	short
6	5.871	2.891	E. cyaneus	R	R	P6163082	short
7	4.08	3.07	E. cyaneus	R	R	P6163082	short
8	8.347	3.151	E. cyaneus	R	R	P6163082	short
9	56.669	3.51	E. cyaneus	R	R	P6163082	short
10	6.36	3.656	E. cyaneus	R	R	P6163082	short
11	42.467	3.754	E. cyaneus	R	R	P6163082	short
12	14.259	3.803	E. cyaneus	R	R	P6163082	short
13	22.712	3.884	E. cyaneus	R	R	P6163082	short
14	7.858	5.024	E. cyaneus	R	R	P6163082	short
15	8.884	6.002	E. cyaneus	R	R	P6163082	short
16	26.572	6.425	E. cyaneus	R	R	P6163082	short
17	6.409	7.207	E. cyaneus	R	R	P6163082	short
18	46.555	7.321	E. cyaneus	R	R	P6163082	short
19	18.151	7.37	E. cyaneus	R	R	P6163082	short
20	55.871	8.07	E. cyaneus	R	R	P6163082	short
1	56.283	0.629	E. cyaneus	K	K	P6163083	short
2	6.969	0.858	E. cyaneus	K	K	P6163083	short
3	44.142	0.989	E. cyaneus	K	K	P6163083	short
4	51.217	1.005	E. cyaneus	K	K	P6163083	short
5	5.498	1.348	E. cyaneus	K	K	P6163083	short
6	13.848	2.279	E. cyaneus	K	K	P6163083	short
7	22.9	2.475	E. cyaneus	K	K	P6163083	short
8	53.554	2.541	E. cyaneus	K	K	P6163083	short
9	4.06	2.639	E. cyaneus	K	K	P6163083	short
10	20.188	2.786	E. cyaneus	K	K	P6163083	short
11	57.508	3.031	E. cyaneus	K	K	P6163083	short
12	15.172	3.047	E. cyaneus	K	K	P6163083	short
13	48.047	3.815	E. cyaneus	K	K	P6163083	short
14	54.257	3.897	E. cyaneus	K	K	P6163083	short
15	21.087	5.547	E. cyaneus	K	K	P6163083	short
16	52.655	6.201	E. cyaneus	K	K	P6163083	short
17	16.185	7.426	E. cyaneus	K	K	P6163083	short
18	44.959	7.655	E. cyaneus	K	K	P6163083	short
19	34.142	8.064	E. cyaneus	K	K	P6163083	short
20	14.158	8.325	E. cyaneus	K	K	P6163083	short
1	51.295	0.562	E. cyaneus	B	L	P6163084	short
2	54.487	0.741	E. cyaneus	B	L	P6163084	short
3	51.897	1.132	E. cyaneus	B	L	P6163084	short
4	57.272	1.23	E. cyaneus	B	L	P6163084	short
5	55.871	1.458	E. cyaneus	B	L	P6163084	short
6	50.041	1.735	E. cyaneus	B	L	P6163084	short
7	44.243	2.223	E. cyaneus	B	L	P6163084	short
8	53.868	3.184	E. cyaneus	B	L	P6163084	short
9	35.953	3.819	E. cyaneus	B	L	P6163084	short
10	52.907	3.982	E. cyaneus	B	L	P6163084	short
11	53.526	4.357	E. cyaneus	B	L	P6163084	short
12	53.151	4.699	E. cyaneus	B	L	P6163084	short
13	53.95	5.073	E. cyaneus	B	L	P6163084	short
14	27.386	5.106	E. cyaneus	B	L	P6163084	short
15	49.259	5.936	E. cyaneus	B	L	P6163084	short
16	8.005	6.36	E. cyaneus	B	L	P6163084	short
17	39.927	6.783	E. cyaneus	B	L	P6163084	short
18	53.07	6.881	E. cyaneus	B	L	P6163084	short
19	34.08	7.419	E. cyaneus	B	L	P6163084	short
20	53.884	7.5	E. cyaneus	B	L	P6163084	short
1	50.861	0.734	E. cyaneus	G	L	P6163085	short
2	53.223	0.886	E. cyaneus	G	L	P6163085	short
3	51.012	1.81	E. cyaneus	G	L	P6163085	short
4	53.435	1.825	E. cyaneus	G	L	P6163085	short
5	54.026	2.097	E. cyaneus	G	L	P6163085	short
6	51.254	2.733	E. cyaneus	G	L	P6163085	short
7	50.77	3.036	E. cyaneus	G	L	P6163085	short
8	51.073	3.279	E. cyaneus	G	L	P6163085	short
9	47.741	3.536	E. cyaneus	G	L	P6163085	short
10	43.531	4.187	E. cyaneus	G	L	P6163085	short
11	28.13	4.339	E. cyaneus	G	L	P6163085	short
12	50.331	4.687	E. cyaneus	G	L	P6163085	short
13	9.548	5.247	E. cyaneus	G	L	P6163085	short
14	50.497	5.338	E. cyaneus	G	L	P6163085	short
15	50.861	5.505	E. cyaneus	G	L	P6163085	short
16	52.012	5.671	E. cyaneus	G	L	P6163085	short
17	49.982	5.823	E. cyaneus	G	L	P6163085	short
18	51.027	6.126	E. cyaneus	G	L	P6163085	short
19	48.589	6.474	E. cyaneus	G	L	P6163085	short
20	47.514	7.595	E. cyaneus	G	L	P6163085	short
1	39.351	0.253	E. cyaneus	Y	L	P6163086	short
2	38.91	0.546	E. cyaneus	Y	L	P6163086	short
3	46.704	0.595	E. cyaneus	Y	L	P6163086	short
4	28.345	0.856	E. cyaneus	Y	L	P6163086	short
5	52.655	1.215	E. cyaneus	Y	L	P6163086	short
6	54.677	1.916	E. cyaneus	Y	L	P6163086	short
7	46.312	2.144	E. cyaneus	Y	L	P6163086	short
8	57.204	2.356	E. cyaneus	Y	L	P6163086	short
9	57.416	2.666	E. cyaneus	Y	L	P6163086	short
10	54.709	3.024	E. cyaneus	Y	L	P6163086	short
11	17.845	3.302	E. cyaneus	Y	L	P6163086	short
12	54.171	3.677	E. cyaneus	Y	L	P6163086	short
13	55.785	4.541	E. cyaneus	Y	L	P6163086	short
14	46.231	5.356	E. cyaneus	Y	L	P6163086	short
15	40.802	6.709	E. cyaneus	Y	L	P6163086	short
16	48.351	6.97	E. cyaneus	Y	L	P6163086	short
17	43.264	7.101	E. cyaneus	Y	L	P6163086	short
18	52.133	7.149	E. cyaneus	Y	L	P6163086	short
19	53.747	7.264	E. cyaneus	Y	L	P6163086	short
20	28.932	7.394	E. cyaneus	Y	L	P6163086	short
1	43.047	0.335	E. cyaneus	R	L	P6163087	short
2	51.021	0.433	E. cyaneus	R	L	P6163087	short
3	56.822	0.809	E. cyaneus	R	L	P6163087	short
4	50.662	0.956	E. cyaneus	R	L	P6163087	short
5	41.495	1.92	E. cyaneus	R	L	P6163087	short
6	51.054	2.002	E. cyaneus	R	L	P6163087	short
7	56.675	2.361	E. cyaneus	R	L	P6163087	short
8	39.109	2.835	E. cyaneus	R	L	P6163087	short
9	50.433	3.194	E. cyaneus	R	L	P6163087	short
10	55.727	3.734	E. cyaneus	R	L	P6163087	short
11	30.907	4.616	E. cyaneus	R	L	P6163087	short
12	51.544	5.302	E. cyaneus	R	L	P6163087	short
13	54.583	5.645	E. cyaneus	R	L	P6163087	short
14	19.24	5.858	E. cyaneus	R	L	P6163087	short
15	29.698	5.858	E. cyaneus	R	L	P6163087	short
16	18.881	6.348	E. cyaneus	R	L	P6163087	short
17	49.093	6.397	E. cyaneus	R	L	P6163087	short
18	30.76	8.178	E. cyaneus	R	L	P6163087	short
19	23.815	8.685	E. cyaneus	R	L	P6163087	short
20	51.462	9.142	E. cyaneus	R	L	P6163087	short
1	9.259	0.831	E. cyaneus	K	K	P7283426_K_cnt	long
2	14.56	0.864	E. cyaneus	K	K	P7283426_K_cnt	long
3	49.539	1.342	E. cyaneus	K	K	P7283426_K_cnt	long
4	9.704	1.44	E. cyaneus	K	K	P7283426_K_cnt	long
5	5.704	1.802	E. cyaneus	K	K	P7283426_K_cnt	long
6	23.844	2.115	E. cyaneus	K	K	P7283426_K_cnt	long
7	10.477	2.181	E. cyaneus	K	K	P7283426_K_cnt	long
8	4.979	2.296	E. cyaneus	K	K	P7283426_K_cnt	long
9	32.37	2.56	E. cyaneus	K	K	P7283426_K_cnt	long
10	27.975	3.169	E. cyaneus	K	K	P7283426_K_cnt	long
11	57.852	3.251	E. cyaneus	K	K	P7283426_K_cnt	long
12	54.807	3.416	E. cyaneus	K	K	P7283426_K_cnt	long
13	30.527	3.465	E. cyaneus	K	K	P7283426_K_cnt	long
14	56.502	3.597	E. cyaneus	K	K	P7283426_K_cnt	long
15	4.255	3.794	E. cyaneus	K	K	P7283426_K_cnt	long
16	28.058	3.926	E. cyaneus	K	K	P7283426_K_cnt	long
17	13.325	5.342	E. cyaneus	K	K	P7283426_K_cnt	long
18	56.881	6.922	E. cyaneus	K	K	P7283426_K_cnt	long
19	34.609	8.206	E. cyaneus	K	K	P7283426_K_cnt	long
20	44.963	8.634	E. cyaneus	K	K	P7283426_K_cnt	long
1	10.723	0.701	E. cyaneus	R	L	P7283427_RL_cnt	long
2	8.283	0.898	E. cyaneus	R	L	P7283427_RL_cnt	long
3	12.008	0.981	E. cyaneus	R	L	P7283427_RL_cnt	long
4	50.547	1.525	E. cyaneus	R	L	P7283427_RL_cnt	long
5	56.547	2.266	E. cyaneus	R	L	P7283427_RL_cnt	long
6	11.876	2.481	E. cyaneus	R	L	P7283427_RL_cnt	long
7	45.997	2.613	E. cyaneus	R	L	P7283427_RL_cnt	long
8	45.569	2.909	E. cyaneus	R	L	P7283427_RL_cnt	long
9	55.69	3.536	E. cyaneus	R	L	P7283427_RL_cnt	long
10	56.728	4.063	E. cyaneus	R	L	P7283427_RL_cnt	long
11	4.508	4.162	E. cyaneus	R	L	P7283427_RL_cnt	long
12	27.107	4.92	E. cyaneus	R	L	P7283427_RL_cnt	long
13	53.712	5.003	E. cyaneus	R	L	P7283427_RL_cnt	long
14	51.651	5.365	E. cyaneus	R	L	P7283427_RL_cnt	long
15	56.003	6.734	E. cyaneus	R	L	P7283427_RL_cnt	long
16	14.382	7.376	E. cyaneus	R	L	P7283427_RL_cnt	long
17	14.547	7.821	E. cyaneus	R	L	P7283427_RL_cnt	long
18	43.327	7.854	E. cyaneus	R	L	P7283427_RL_cnt	long
19	14.629	8.316	E. cyaneus	R	L	P7283427_RL_cnt	long
20	11.514	8.563	E. cyaneus	R	L	P7283427_RL_cnt	long
1	55.552	0.913	E. cyaneus	K	K	P7283428_K_cnt	long
2	20.743	1.225	E. cyaneus	K	K	P7283428_K_cnt	long
3	15.037	1.258	E. cyaneus	K	K	P7283428_K_cnt	long
4	5.829	1.389	E. cyaneus	K	K	P7283428_K_cnt	long
5	7.539	1.636	E. cyaneus	K	K	P7283428_K_cnt	long
6	23.9	1.866	E. cyaneus	K	K	P7283428_K_cnt	long
7	7.062	2.392	E. cyaneus	K	K	P7283428_K_cnt	long
8	19.855	3.067	E. cyaneus	K	K	P7283428_K_cnt	long
9	8.131	3.264	E. cyaneus	K	K	P7283428_K_cnt	long
10	55.256	4.398	E. cyaneus	K	K	P7283428_K_cnt	long
11	25.659	5.434	E. cyaneus	K	K	P7283428_K_cnt	long
12	56.424	5.813	E. cyaneus	K	K	P7283428_K_cnt	long
13	46.542	5.977	E. cyaneus	K	K	P7283428_K_cnt	long
14	3.297	6.076	E. cyaneus	K	K	P7283428_K_cnt	long
15	23.324	6.437	E. cyaneus	K	K	P7283428_K_cnt	long
16	57.492	6.75	E. cyaneus	K	K	P7283428_K_cnt	long
17	13.458	6.964	E. cyaneus	K	K	P7283428_K_cnt	long
18	42.168	7.325	E. cyaneus	K	K	P7283428_K_cnt	long
19	35.229	8.197	E. cyaneus	K	K	P7283428_K_cnt	long
20	35.278	8.69	E. cyaneus	K	K	P7283428_K_cnt	long
1	37.284	1.013	E. cyaneus	Y	L	P7283429_YL_cnt	long
2	53.104	1.178	E. cyaneus	Y	L	P7283429_YL_cnt	long
3	7.687	2.398	E. cyaneus	Y	L	P7283429_YL_cnt	long
4	55.806	3.37	E. cyaneus	Y	L	P7283429_YL_cnt	long
5	54.521	3.98	E. cyaneus	Y	L	P7283429_YL_cnt	long
6	54.834	4.144	E. cyaneus	Y	L	P7283429_YL_cnt	long
7	56.482	4.194	E. cyaneus	Y	L	P7283429_YL_cnt	long
8	5.99	4.622	E. cyaneus	Y	L	P7283429_YL_cnt	long
9	56.202	4.754	E. cyaneus	Y	L	P7283429_YL_cnt	long
10	55.015	5.133	E. cyaneus	Y	L	P7283429_YL_cnt	long
11	47.254	5.479	E. cyaneus	Y	L	P7283429_YL_cnt	long
12	54.257	5.628	E. cyaneus	Y	L	P7283429_YL_cnt	long
13	53.466	5.792	E. cyaneus	Y	L	P7283429_YL_cnt	long
14	52.28	7.226	E. cyaneus	Y	L	P7283429_YL_cnt	long
15	56.284	7.243	E. cyaneus	Y	L	P7283429_YL_cnt	long
16	55.279	7.49	E. cyaneus	Y	L	P7283429_YL_cnt	long
17	54.059	7.572	E. cyaneus	Y	L	P7283429_YL_cnt	long
18	49.264	7.836	E. cyaneus	Y	L	P7283429_YL_cnt	long
19	55.674	7.984	E. cyaneus	Y	L	P7283429_YL_cnt	long
20	46.891	8.347	E. cyaneus	Y	L	P7283429_YL_cnt	long
1	34.531	1.275	E. cyaneus	K	K	P7283430_K_cnt	long
2	7.262	1.472	E. cyaneus	K	K	P7283430_K_cnt	long
3	52.015	1.571	E. cyaneus	K	K	P7283430_K_cnt	long
4	55.567	1.867	E. cyaneus	K	K	P7283430_K_cnt	long
5	11.488	2.936	E. cyaneus	K	K	P7283430_K_cnt	long
6	3.248	2.952	E. cyaneus	K	K	P7283430_K_cnt	long
7	56.62	3.018	E. cyaneus	K	K	P7283430_K_cnt	long
8	16.34	3.117	E. cyaneus	K	K	P7283430_K_cnt	long
9	44.087	3.199	E. cyaneus	K	K	P7283430_K_cnt	long
10	45.107	3.791	E. cyaneus	K	K	P7283430_K_cnt	long
11	41.669	4.926	E. cyaneus	K	K	P7283430_K_cnt	long
12	19.877	5.173	E. cyaneus	K	K	P7283430_K_cnt	long
13	8.396	5.748	E. cyaneus	K	K	P7283430_K_cnt	long
14	30.304	5.831	E. cyaneus	K	K	P7283430_K_cnt	long
15	6.949	5.896	E. cyaneus	K	K	P7283430_K_cnt	long
16	15.173	6.916	E. cyaneus	K	K	P7283430_K_cnt	long
17	32.426	7.673	E. cyaneus	K	K	P7283430_K_cnt	long
18	55.123	7.689	E. cyaneus	K	K	P7283430_K_cnt	long
19	44.975	7.722	E. cyaneus	K	K	P7283430_K_cnt	long
20	30.008	7.738	E. cyaneus	K	K	P7283430_K_cnt	long
1	57.654	1.819	E. cyaneus	B	L	P7283431_BL_cnt	long
2	25.868	1.885	E. cyaneus	B	L	P7283431_BL_cnt	long
3	53.391	1.885	E. cyaneus	B	L	P7283431_BL_cnt	long
4	56.189	2.165	E. cyaneus	B	L	P7283431_BL_cnt	long
5	56.634	2.56	E. cyaneus	B	L	P7283431_BL_cnt	long
6	38.84	3.514	E. cyaneus	B	L	P7283431_BL_cnt	long
7	57.16	3.877	E. cyaneus	B	L	P7283431_BL_cnt	long
8	56.436	4.156	E. cyaneus	B	L	P7283431_BL_cnt	long
9	55.992	4.436	E. cyaneus	B	L	P7283431_BL_cnt	long
10	56.272	4.897	E. cyaneus	B	L	P7283431_BL_cnt	long
11	57.21	5.111	E. cyaneus	B	L	P7283431_BL_cnt	long
12	56.222	5.44	E. cyaneus	B	L	P7283431_BL_cnt	long
13	52.502	5.868	E. cyaneus	B	L	P7283431_BL_cnt	long
14	56.337	7.202	E. cyaneus	B	L	P7283431_BL_cnt	long
15	52.469	7.399	E. cyaneus	B	L	P7283431_BL_cnt	long
16	39.086	7.942	E. cyaneus	B	L	P7283431_BL_cnt	long
17	48.255	8.156	E. cyaneus	B	L	P7283431_BL_cnt	long
18	49.984	8.156	E. cyaneus	B	L	P7283431_BL_cnt	long
19	40.058	8.305	E. cyaneus	B	L	P7283431_BL_cnt	long
20	41.045	8.469	E. cyaneus	B	L	P7283431_BL_cnt	long
1	39.326	1.917	E. cyaneus	G	L	P7283432_GL_cnt	long
2	56.625	2.004	E. cyaneus	G	L	P7283432_GL_cnt	long
3	55.914	2.924	E. cyaneus	G	L	P7283432_GL_cnt	long
4	50.049	3.167	E. cyaneus	G	L	P7283432_GL_cnt	long
5	55.445	3.323	E. cyaneus	G	L	P7283432_GL_cnt	long
6	56.348	3.548	E. cyaneus	G	L	P7283432_GL_cnt	long
7	55.775	3.6	E. cyaneus	G	L	P7283432_GL_cnt	long
8	55.228	3.939	E. cyaneus	G	L	P7283432_GL_cnt	long
9	56.122	3.895	E. cyaneus	G	L	P7283432_GL_cnt	long
10	54.838	3.93	E. cyaneus	G	L	P7283432_GL_cnt	long
11	52.652	5.492	E. cyaneus	G	L	P7283432_GL_cnt	long
12	56.157	5.821	E. cyaneus	G	L	P7283432_GL_cnt	long
13	52.392	5.925	E. cyaneus	G	L	P7283432_GL_cnt	long
14	56.018	7.192	E. cyaneus	G	L	P7283432_GL_cnt	long
15	53.346	7.313	E. cyaneus	G	L	P7283432_GL_cnt	long
16	7.921	8.094	E. cyaneus	G	L	P7283432_GL_cnt	long
17	27.77	8.407	E. cyaneus	G	L	P7283432_GL_cnt	long
18	38.927	8.597	E. cyaneus	G	L	P7283432_GL_cnt	long
19	48.8	8.65	E. cyaneus	G	L	P7283432_GL_cnt	long
1	5.852	1.193	E. cyaneus	K	K	P7283433_K_cnt	long
2	30.51	1.259	E. cyaneus	K	K	P7283433_K_cnt	long
3	50.395	1.259	E. cyaneus	K	K	P7283433_K_cnt	long
4	25.111	1.342	E. cyaneus	K	K	P7283433_K_cnt	long
5	31.498	1.704	E. cyaneus	K	K	P7283433_K_cnt	long
6	12.881	2.198	E. cyaneus	K	K	P7283433_K_cnt	long
7	4.551	3.053	E. cyaneus	K	K	P7283433_K_cnt	long
8	3.778	3.086	E. cyaneus	K	K	P7283433_K_cnt	long
9	30.461	3.086	E. cyaneus	K	K	P7283433_K_cnt	long
10	10.099	3.136	E. cyaneus	K	K	P7283433_K_cnt	long
11	2.444	3.827	E. cyaneus	K	K	P7283433_K_cnt	long
12	14.593	4.107	E. cyaneus	K	K	P7283433_K_cnt	long
13	3.333	4.584	E. cyaneus	K	K	P7283433_K_cnt	long
14	3.202	5.44	E. cyaneus	K	K	P7283433_K_cnt	long
15	48.42	5.539	E. cyaneus	K	K	P7283433_K_cnt	long
16	2.379	5.918	E. cyaneus	K	K	P7283433_K_cnt	long
17	35.712	6.28	E. cyaneus	K	K	P7283433_K_cnt	long
18	9.638	8.255	E. cyaneus	K	K	P7283433_K_cnt	long
19	48.733	8.535	E. cyaneus	K	K	P7283433_K_cnt	long
20	32.008	8.634	E. cyaneus	K	K	P7283433_K_cnt	long
1	8.991	1.045	E. cyaneus	K	K	P7283434_K_cnt	long
2	30.296	1.061	E. cyaneus	K	K	P7283434_K_cnt	long
3	38.719	1.308	E. cyaneus	K	K	P7283434_K_cnt	long
4	6.918	1.67	E. cyaneus	K	K	P7283434_K_cnt	long
5	52.687	3.332	E. cyaneus	K	K	P7283434_K_cnt	long
6	9.633	3.759	E. cyaneus	K	K	P7283434_K_cnt	long
7	23.09	4.055	E. cyaneus	K	K	P7283434_K_cnt	long
8	15.276	4.138	E. cyaneus	K	K	P7283434_K_cnt	long
9	3.71	4.286	E. cyaneus	K	K	P7283434_K_cnt	long
10	19.454	5.849	E. cyaneus	K	K	P7283434_K_cnt	long
11	16.427	6.194	E. cyaneus	K	K	P7283434_K_cnt	long
12	12.874	6.507	E. cyaneus	K	K	P7283434_K_cnt	long
13	19.948	7.379	E. cyaneus	K	K	P7283434_K_cnt	long
14	3.183	7.543	E. cyaneus	K	K	P7283434_K_cnt	long
15	21.494	7.938	E. cyaneus	K	K	P7283434_K_cnt	long
16	50.022	8.201	E. cyaneus	K	K	P7283434_K_cnt	long
17	49.644	8.267	E. cyaneus	K	K	P7283434_K_cnt	long
18	49.709	8.613	E. cyaneus	K	K	P7283434_K_cnt	long
19	35.61	8.629	E. cyaneus	K	K	P7283434_K_cnt	long
20	30.115	8.794	E. cyaneus	K	K	P7283434_K_cnt	long
1	8.371	0.665	E. cyaneus	K	K	P7283454_K_cnt	long
2	27.593	1.208	E. cyaneus	K	K	P7283454_K_cnt	long
3	21.514	1.947	E. cyaneus	K	K	P7283454_K_cnt	long
4	3.36	1.963	E. cyaneus	K	K	P7283454_K_cnt	long
5	3.951	2.062	E. cyaneus	K	K	P7283454_K_cnt	long
6	10.244	2.292	E. cyaneus	K	K	P7283454_K_cnt	long
7	54.636	2.752	E. cyaneus	K	K	P7283454_K_cnt	long
8	18.853	3.311	E. cyaneus	K	K	P7283454_K_cnt	long
9	13.562	5.003	E. cyaneus	K	K	P7283454_K_cnt	long
10	9.817	5.397	E. cyaneus	K	K	P7283454_K_cnt	long
11	5.742	5.43	E. cyaneus	K	K	P7283454_K_cnt	long
12	45.501	5.726	E. cyaneus	K	K	P7283454_K_cnt	long
13	12.429	5.923	E. cyaneus	K	K	P7283454_K_cnt	long
14	12.084	6.021	E. cyaneus	K	K	P7283454_K_cnt	long
15	11.969	6.416	E. cyaneus	K	K	P7283454_K_cnt	long
16	55.112	6.991	E. cyaneus	K	K	P7283454_K_cnt	long
17	6.005	7.303	E. cyaneus	K	K	P7283454_K_cnt	long
18	49.066	7.73	E. cyaneus	K	K	P7283454_K_cnt	long
19	30.912	8.486	E. cyaneus	K	K	P7283454_K_cnt	long
20	34.378	8.519	E. cyaneus	K	K	P7283454_K_cnt	long
1	9.387	1.24	E. cyaneus	G	R	P7283455_GR_cnt	long
2	32.185	1.322	E. cyaneus	G	R	P7283455_GR_cnt	long
3	7.876	1.371	E. cyaneus	G	R	P7283455_GR_cnt	long
4	2.981	1.454	E. cyaneus	G	R	P7283455_GR_cnt	long
5	35.125	1.552	E. cyaneus	G	R	P7283455_GR_cnt	long
6	10.799	1.585	E. cyaneus	G	R	P7283455_GR_cnt	long
7	26.354	1.684	E. cyaneus	G	R	P7283455_GR_cnt	long
8	7.087	1.716	E. cyaneus	G	R	P7283455_GR_cnt	long
9	9.124	1.864	E. cyaneus	G	R	P7283455_GR_cnt	long
10	32.217	1.864	E. cyaneus	G	R	P7283455_GR_cnt	long
11	12.015	2.488	E. cyaneus	G	R	P7283455_GR_cnt	long
12	16.006	2.62	E. cyaneus	G	R	P7283455_GR_cnt	long
13	3.342	3.244	E. cyaneus	G	R	P7283455_GR_cnt	long
14	43.994	4.771	E. cyaneus	G	R	P7283455_GR_cnt	long
15	26.288	5.658	E. cyaneus	G	R	P7283455_GR_cnt	long
16	56.74	5.855	E. cyaneus	G	R	P7283455_GR_cnt	long
17	57.446	5.855	E. cyaneus	G	R	P7283455_GR_cnt	long
18	6.02	7.531	E. cyaneus	G	R	P7283455_GR_cnt	long
19	10.849	8.106	E. cyaneus	G	R	P7283455_GR_cnt	long
20	46.967	8.943	E. cyaneus	G	R	P7283455_GR_cnt	long
1	8.711	0.403	E. cyaneus	K	K	P7283456_K_cnt	long
2	20.491	1.193	E. cyaneus	K	K	P7283456_K_cnt	long
3	13.153	1.785	E. cyaneus	K	K	P7283456_K_cnt	long
4	21.725	1.785	E. cyaneus	K	K	P7283456_K_cnt	long
5	51.552	1.982	E. cyaneus	K	K	P7283456_K_cnt	long
6	19.471	2.081	E. cyaneus	K	K	P7283456_K_cnt	long
7	15.654	2.509	E. cyaneus	K	K	P7283456_K_cnt	long
8	46.156	2.608	E. cyaneus	K	K	P7283456_K_cnt	long
9	9.978	3.134	E. cyaneus	K	K	P7283456_K_cnt	long
10	2.575	3.216	E. cyaneus	K	K	P7283456_K_cnt	long
11	52.276	3.611	E. cyaneus	K	K	P7283456_K_cnt	long
12	28.092	3.825	E. cyaneus	K	K	P7283456_K_cnt	long
13	11.969	4.269	E. cyaneus	K	K	P7283456_K_cnt	long
14	12.726	4.977	E. cyaneus	K	K	P7283456_K_cnt	long
15	51.651	5.141	E. cyaneus	K	K	P7283456_K_cnt	long
16	55.698	5.635	E. cyaneus	K	K	P7283456_K_cnt	long
17	6.375	5.684	E. cyaneus	K	K	P7283456_K_cnt	long
18	52.161	7.494	E. cyaneus	K	K	P7283456_K_cnt	long
19	50.845	7.938	E. cyaneus	K	K	P7283456_K_cnt	long
20	47.752	8.399	E. cyaneus	K	K	P7283456_K_cnt	long
1	3.447	0.518	E. cyaneus	B	R	P7283457_BR_cnt	long
2	4.977	0.88	E. cyaneus	B	R	P7283457_BR_cnt	long
3	6.721	0.995	E. cyaneus	B	R	P7283457_BR_cnt	long
4	9.501	1.39	E. cyaneus	B	R	P7283457_BR_cnt	long
5	6.243	1.44	E. cyaneus	B	R	P7283457_BR_cnt	long
6	3.364	1.555	E. cyaneus	B	R	P7283457_BR_cnt	long
7	5.799	1.588	E. cyaneus	B	R	P7283457_BR_cnt	long
8	9.386	1.785	E. cyaneus	B	R	P7283457_BR_cnt	long
9	7.395	1.851	E. cyaneus	B	R	P7283457_BR_cnt	long
10	34.787	2.163	E. cyaneus	B	R	P7283457_BR_cnt	long
11	2.525	2.706	E. cyaneus	B	R	P7283457_BR_cnt	long
12	3.595	2.706	E. cyaneus	B	R	P7283457_BR_cnt	long
13	2.706	3.299	E. cyaneus	B	R	P7283457_BR_cnt	long
14	2.443	4.384	E. cyaneus	B	R	P7283457_BR_cnt	long
15	4.681	5.24	E. cyaneus	B	R	P7283457_BR_cnt	long
16	3.43	5.553	E. cyaneus	B	R	P7283457_BR_cnt	long
17	3.529	6.424	E. cyaneus	B	R	P7283457_BR_cnt	long
18	3.134	7.774	E. cyaneus	B	R	P7283457_BR_cnt	long
19	51.848	8.234	E. cyaneus	B	R	P7283457_BR_cnt	long
20	4.055	8.267	E. cyaneus	B	R	P7283457_BR_cnt	long
1	12.892	2.588	E. cyaneus	K	K	P7283458_K_cnt	long
2	31.331	2.835	E. cyaneus	K	K	P7283458_K_cnt	long
3	2.473	2.901	E. cyaneus	K	K	P7283458_K_cnt	long
4	48.389	2.999	E. cyaneus	K	K	P7283458_K_cnt	long
5	10.444	3.657	E. cyaneus	K	K	P7283458_K_cnt	long
6	11.298	4.067	E. cyaneus	K	K	P7283458_K_cnt	long
7	7.075	4.215	E. cyaneus	K	K	P7283458_K_cnt	long
8	36.031	4.248	E. cyaneus	K	K	P7283458_K_cnt	long
9	9.507	4.528	E. cyaneus	K	K	P7283458_K_cnt	long
10	52.169	5.251	E. cyaneus	K	K	P7283458_K_cnt	long
11	31.775	5.316	E. cyaneus	K	K	P7283458_K_cnt	long
12	41.684	5.349	E. cyaneus	K	K	P7283458_K_cnt	long
13	52.942	5.694	E. cyaneus	K	K	P7283458_K_cnt	long
14	9.491	5.974	E. cyaneus	K	K	P7283458_K_cnt	long
15	15.62	6.237	E. cyaneus	K	K	P7283458_K_cnt	long
16	26.319	7.765	E. cyaneus	K	K	P7283458_K_cnt	long
17	23.87	7.88	E. cyaneus	K	K	P7283458_K_cnt	long
18	26.927	8.258	E. cyaneus	K	K	P7283458_K_cnt	long
19	26.894	8.603	E. cyaneus	K	K	P7283458_K_cnt	long
20	45.875	8.767	E. cyaneus	K	K	P7283458_K_cnt	long
1	11.33	0.765	E. cyaneus	R	R	P7283459_RR_cnt	long
2	5.982	0.897	E. cyaneus	R	R	P7283459_RR_cnt	long
3	3.645	1.44	E. cyaneus	R	R	P7283459_RR_cnt	long
4	53.491	2.115	E. cyaneus	R	R	P7283459_RR_cnt	long
5	3.974	2.296	E. cyaneus	R	R	P7283459_RR_cnt	long
6	42.433	2.608	E. cyaneus	R	R	P7283459_RR_cnt	long
7	8.072	2.641	E. cyaneus	R	R	P7283459_RR_cnt	long
8	4.27	2.97	E. cyaneus	R	R	P7283459_RR_cnt	long
9	2.559	3.25	E. cyaneus	R	R	P7283459_RR_cnt	long
10	10.228	3.365	E. cyaneus	R	R	P7283459_RR_cnt	long
11	4.649	3.579	E. cyaneus	R	R	P7283459_RR_cnt	long
12	3.793	3.859	E. cyaneus	R	R	P7283459_RR_cnt	long
13	14.539	4.715	E. cyaneus	R	R	P7283459_RR_cnt	long
14	7.825	5.538	E. cyaneus	R	R	P7283459_RR_cnt	long
15	28.379	6.607	E. cyaneus	R	R	P7283459_RR_cnt	long
16	3.925	6.657	E. cyaneus	R	R	P7283459_RR_cnt	long
17	26.24	6.722	E. cyaneus	R	R	P7283459_RR_cnt	long
18	8.763	6.986	E. cyaneus	R	R	P7283459_RR_cnt	long
19	38.5	7.068	E. cyaneus	R	R	P7283459_RR_cnt	long
20	6.443	8.171	E. cyaneus	R	R	P7283459_RR_cnt	long
1	56.952	1.109	E. cyaneus	K	K	P7283460_K_cnt	long
2	44.121	2.785	E. cyaneus	K	K	P7283460_K_cnt	long
3	45.074	5.068	E. cyaneus	K	K	P7283460_K_cnt	long
4	7.336	5.085	E. cyaneus	K	K	P7283460_K_cnt	long
5	53.289	6.383	E. cyaneus	K	K	P7283460_K_cnt	long
6	54.209	6.646	E. cyaneus	K	K	P7283460_K_cnt	long
7	27.314	6.958	E. cyaneus	K	K	P7283460_K_cnt	long
8	18.557	6.991	E. cyaneus	K	K	P7283460_K_cnt	long
9	5.397	7.319	E. cyaneus	K	K	P7283460_K_cnt	long
10	12.133	7.319	E. cyaneus	K	K	P7283460_K_cnt	long
11	56.443	7.319	E. cyaneus	K	K	P7283460_K_cnt	long
12	28.447	7.336	E. cyaneus	K	K	P7283460_K_cnt	long
13	7.106	7.451	E. cyaneus	K	K	P7283460_K_cnt	long
14	26.492	7.533	E. cyaneus	K	K	P7283460_K_cnt	long
15	15.452	7.631	E. cyaneus	K	K	P7283460_K_cnt	long
16	39.702	7.927	E. cyaneus	K	K	P7283460_K_cnt	long
17	17.703	7.96	E. cyaneus	K	K	P7283460_K_cnt	long
18	28.595	8.059	E. cyaneus	K	K	P7283460_K_cnt	long
19	28.431	8.42	E. cyaneus	K	K	P7283460_K_cnt	long
20	39.652	8.469	E. cyaneus	K	K	P7283460_K_cnt	long
1	5.014	0.744	E. cyaneus	Y	R	P7283461_YR_cnt	long
2	5.75	0.924	E. cyaneus	Y	R	P7283461_YR_cnt	long
3	22.451	1.677	E. cyaneus	Y	R	P7283461_YR_cnt	long
4	35.014	1.758	E. cyaneus	Y	R	P7283461_YR_cnt	long
5	13.094	2.004	E. cyaneus	Y	R	P7283461_YR_cnt	long
6	18.051	2.135	E. cyaneus	Y	R	P7283461_YR_cnt	long
7	56.377	2.364	E. cyaneus	Y	R	P7283461_YR_cnt	long
8	9.725	2.805	E. cyaneus	Y	R	P7283461_YR_cnt	long
9	25.314	2.854	E. cyaneus	Y	R	P7283461_YR_cnt	long
10	56.36	2.92	E. cyaneus	Y	R	P7283461_YR_cnt	long
11	3.378	3.051	E. cyaneus	Y	R	P7283461_YR_cnt	long
12	6.208	3.443	E. cyaneus	Y	R	P7283461_YR_cnt	long
13	4.441	4.098	E. cyaneus	Y	R	P7283461_YR_cnt	long
14	54.168	4.13	E. cyaneus	Y	R	P7283461_YR_cnt	long
15	4.147	5.046	E. cyaneus	Y	R	P7283461_YR_cnt	long
16	9.921	5.374	E. cyaneus	Y	R	P7283461_YR_cnt	long
17	15.564	5.537	E. cyaneus	Y	R	P7283461_YR_cnt	long
18	55.886	5.881	E. cyaneus	Y	R	P7283461_YR_cnt	long
19	7.565	6.191	E. cyaneus	Y	R	P7283461_YR_cnt	long
20	15.204	7.713	E. cyaneus	Y	R	P7283461_YR_cnt	long
